[{"text":"Love Thy Neighbor: A New York City Borough Survey https://t.co/QonB8dJ4kn @Homesdotcom #NYRealEstate","favorited":false,"favoriteCount":1,"created":"2016-02-22 20:45:11","truncated":false,"id":"701870370266210304","statusSource":"<a href=\"http://twitter.com\" rel=\"nofollow\">Twitter Web Client</a>","screenName":"PattyMcNease","retweetCount":0,"isRetweet":false,"retweeted":false},{"text":"Truuue.\n\n#realestate #afrealestate #realtor #broker #nyrealestate #315realestate #cnyrealestate� https://t.co/IYkU4hO7xB","favorited":false,"favoriteCount":0,"created":"2016-02-22 18:57:30","truncated":false,"id":"701843273103646720","statusSource":"<a href=\"http://instagram.com\" rel=\"nofollow\">Instagram</a>","screenName":"nicoleAandF","retweetCount":0,"isRetweet":false,"retweeted":false},{"text":"Make it a great day #corcoran #nyrealestate #livewhoyouare #iLoveNYC #BeautifulDay #50degrees #springisintheair https://t.co/dEQO9T6k5R","favorited":false,"favoriteCount":1,"created":"2016-02-22 18:51:28","truncated":false,"id":"701841756158042114","statusSource":"<a href=\"http://twitter.com/download/iphone\" rel=\"nofollow\">Twitter for iPhone</a>","screenName":"kellygitter","retweetCount":0,"isRetweet":false,"retweeted":false},{"text":"Experience the beauty of living in #LongIslandCity! Contact us at 718-505-9220\nhttps://t.co/e19hZNScVs #LIC #NYrealestate","favorited":false,"favoriteCount":0,"created":"2016-02-22 15:04:09","truncated":false,"id":"701784548464599041","statusSource":"<a href=\"http://www.hootsuite.com\" rel=\"nofollow\">Hootsuite</a>","screenName":"BeaudoinRealty","retweetCount":0,"isRetweet":false,"retweeted":false},{"text":"Be an insider to any #NewYork neighborhood with the #LoloApp. #nyrealestate https://t.co/bAJQewHi5e https://t.co/vzApaymZhW","favorited":false,"favoriteCount":0,"created":"2016-02-21 20:00:47","truncated":false,"id":"701496808816521216","statusSource":"<a href=\"http://sendible.com\" rel=\"nofollow\">Sendible App</a>","screenName":"theloloapp","retweetCount":0,"isRetweet":false,"retweeted":false},{"text":"Look at how compartmentalized this kitchen sink is, wow! #NYRealEstate https://t.co/0FjDH0qxgG","favorited":false,"favoriteCount":0,"created":"2016-02-21 17:00:29","truncated":false,"id":"701451437239177221","statusSource":"<a href=\"http://www.thereputationshop.com\" rel=\"nofollow\">Reputation Shop</a>","screenName":"EricBernstein4","retweetCount":0,"isRetweet":false,"retweeted":false}]